date,ticker,close
2026-08-25,AAPL,309.90
2026-08-26,AAPL,313.45
2026-08-27,AAPL,314.58
2026-08-28,AAPL,319.70
2026-08-31,AAPL,316.85
2026-09-01,AAPL,325.13
2026-09-02,AAPL,324.96
2026-09-03,AAPL,328.21
2026-09-04,AAPL,319.97
2026-09-08,AAPL,316.22
2026-09-09,AAPL,315.34
2026-09-10,AAPL,326.57
2026-09-11,AAPL,332.27
2026-09-14,AAPL,333.08
2026-09-15,AAPL,331.34
2026-09-16,AAPL,332.41
2026-09-17,AAPL,337.00
2026-09-18,AAPL,336.13
2026-09-21,AAPL,338.98
2026-09-22,AAPL,339.75
2026-09-23,AAPL,337.02
2026-09-24,AAPL,335.92
2026-09-25,AAPL,341.07
2026-09-28,AAPL,338.40
2026-09-29,AAPL,329.40
2026-09-30,AAPL,333.02
2026-08-25,MSFT,491.71
2026-08-26,MSFT,496.37
2026-08-27,MSFT,505.06
2026-08-28,MSFT,513.53
2026-08-31,MSFT,507.29
2026-09-01,MSFT,501.02
2026-09-02,MSFT,496.82
2026-09-03,MSFT,510.12
2026-09-04,MSFT,499.70
2026-09-08,MSFT,493.95
2026-09-09,MSFT,491.65
2026-09-10,MSFT,492.44
2026-09-11,MSFT,495.63
2026-09-14,MSFT,505.41
2026-09-15,MSFT,497.12
2026-09-16,MSFT,490.30
2026-09-17,MSFT,497.75
2026-09-18,MSFT,493.78
2026-09-21,MSFT,501.61
2026-09-22,MSFT,498.00
2026-09-23,MSFT,500.59
2026-09-24,MSFT,497.93
2026-09-25,MSFT,516.17
2026-09-28,MSFT,509.22
2026-09-29,MSFT,508.96
2026-09-30,MSFT,512.90
2026-08-25,GOOGL,346.96
2026-08-26,GOOGL,342.00
2026-08-27,GOOGL,340.65
2026-08-28,GOOGL,346.59
2026-08-31,GOOGL,339.35
2026-09-01,GOOGL,335.02
2026-09-02,GOOGL,337.12
2026-09-03,GOOGL,342.48
2026-09-04,GOOGL,338.46
2026-09-08,GOOGL,338.36
2026-09-09,GOOGL,330.65
2026-09-10,GOOGL,332.60
2026-09-11,GOOGL,338.50
2026-09-14,GOOGL,349.39
2026-09-15,GOOGL,344.98
2026-09-16,GOOGL,342.87
2026-09-17,GOOGL,347.33
2026-09-18,GOOGL,349.54
2026-09-21,GOOGL,354.97
2026-09-22,GOOGL,351.16
2026-09-23,GOOGL,337.83
2026-09-24,GOOGL,342.36
2026-09-25,GOOGL,343.92
2026-09-28,GOOGL,342.75
2026-09-29,GOOGL,340.92
2026-09-30,GOOGL,344.08
2026-08-25,AMZN,261.06
2026-08-26,AMZN,260.28
2026-08-27,AMZN,256.26
2026-08-28,AMZN,266.43
2026-08-31,AMZN,259.77
2026-09-01,AMZN,254.92
2026-09-02,AMZN,254.98
2026-09-03,AMZN,258.90
2026-09-04,AMZN,258.51
2026-09-08,AMZN,256.97
2026-09-09,AMZN,252.40
2026-09-10,AMZN,251.89
2026-09-11,AMZN,256.78
2026-09-14,AMZN,253.54
2026-09-15,AMZN,248.42
2026-09-16,AMZN,245.96
2026-09-17,AMZN,251.19
2026-09-18,AMZN,253.71
2026-09-21,AMZN,258.45
2026-09-22,AMZN,254.98
2026-09-23,AMZN,249.27
2026-09-24,AMZN,249.38
2026-09-25,AMZN,249.67
2026-09-28,AMZN,246.15
2026-09-29,AMZN,246.67
2026-09-30,AMZN,249.15
2026-08-25,NVDA,213.05
2026-08-26,NVDA,209.66
2026-08-27,NVDA,227.98
2026-08-28,NVDA,217.55
2026-08-31,NVDA,220.78
2026-09-01,NVDA,217.44
2026-09-02,NVDA,224.41
2026-09-03,NVDA,228.45
2026-09-04,NVDA,230.36
2026-09-08,NVDA,225.73
2026-09-09,NVDA,223.67
2026-09-10,NVDA,218.36
2026-09-11,NVDA,218.29
2026-09-14,NVDA,210.96
2026-09-15,NVDA,212.17
2026-09-16,NVDA,213.90
2026-09-17,NVDA,219.34
2026-09-18,NVDA,222.27
2026-09-21,NVDA,227.38
2026-09-22,NVDA,228.87
2026-09-23,NVDA,225.51
2026-09-24,NVDA,224.58
2026-09-25,NVDA,225.07
2026-09-28,NVDA,228.86
2026-09-29,NVDA,227.21
2026-09-30,NVDA,228.38
2026-08-25,META,570.05
2026-08-26,META,576.14
2026-08-27,META,571.10
2026-08-28,META,578.02
2026-08-31,META,572.34
2026-09-01,META,578.54
2026-09-02,META,592.85
2026-09-03,META,610.68
2026-09-04,META,616.77
2026-09-08,META,613.48
2026-09-09,META,653.69
2026-09-10,META,644.38
2026-09-11,META,648.03
2026-09-14,META,665.60
2026-09-15,META,670.24
2026-09-16,META,673.31
2026-09-17,META,682.31
2026-09-18,META,665.75
2026-09-21,META,741.25
2026-09-22,META,736.60
2026-09-23,META,744.10
2026-09-24,META,777.59
2026-09-25,META,751.66
2026-09-28,META,715.62
2026-09-29,META,738.79
2026-09-30,META,725.18
2026-08-25,TSLA,350.25
2026-08-26,TSLA,345.82
2026-08-27,TSLA,354.81
2026-08-28,TSLA,348.75
2026-08-31,TSLA,367.95
2026-09-01,TSLA,356.09
2026-09-02,TSLA,357.01
2026-09-03,TSLA,376.37
2026-09-04,TSLA,354.08
2026-09-08,TSLA,368.16
2026-09-09,TSLA,367.81
2026-09-10,TSLA,363.56
2026-09-11,TSLA,365.44
2026-09-14,TSLA,358.97
2026-09-15,TSLA,356.58
2026-09-16,TSLA,358.08
2026-09-17,TSLA,366.20
2026-09-18,TSLA,364.27
2026-09-21,TSLA,375.30
2026-09-22,TSLA,378.90
2026-09-23,TSLA,380.12
2026-09-24,TSLA,377.94
2026-09-25,TSLA,372.11
2026-09-28,TSLA,357.45
2026-09-29,TSLA,352.84
2026-09-30,TSLA,354.81
2026-08-25,JPM,356.69
2026-08-26,JPM,356.50
2026-08-27,JPM,354.22
2026-08-28,JPM,357.62
2026-08-31,JPM,356.02
2026-09-01,JPM,354.95
2026-09-02,JPM,356.22
2026-09-03,JPM,362.06
2026-09-04,JPM,358.64
2026-09-08,JPM,353.51
2026-09-09,JPM,354.71
2026-09-10,JPM,353.56
2026-09-11,JPM,356.23
2026-09-14,JPM,350.13
2026-09-15,JPM,352.49
2026-09-16,JPM,348.92
2026-09-17,JPM,349.31
2026-09-18,JPM,349.67
2026-09-21,JPM,352.04
2026-09-22,JPM,340.00
2026-09-23,JPM,337.53
2026-09-24,JPM,338.56
2026-09-25,JPM,343.06
2026-09-28,JPM,336.59
2026-09-29,JPM,334.98
2026-09-30,JPM,330.83
2026-08-25,BAC,62.43
2026-08-26,BAC,62.23
2026-08-27,BAC,61.17
2026-08-28,BAC,62.32
2026-08-31,BAC,61.94
2026-09-01,BAC,61.99
2026-09-02,BAC,62.60
2026-09-03,BAC,63.04
2026-09-04,BAC,62.68
2026-09-08,BAC,62.39
2026-09-09,BAC,62.67
2026-09-10,BAC,62.56
2026-09-11,BAC,62.69
2026-09-14,BAC,59.47
2026-09-15,BAC,59.52
2026-09-16,BAC,57.90
2026-09-17,BAC,58.18
2026-09-18,BAC,57.73
2026-09-21,BAC,57.96
2026-09-22,BAC,56.20
2026-09-23,BAC,56.00
2026-09-24,BAC,56.03
2026-09-25,BAC,56.70
2026-09-28,BAC,55.47
2026-09-29,BAC,54.96
2026-09-30,BAC,54.43
2026-08-25,GS,1058.88
2026-08-26,GS,1040.46
2026-08-27,GS,1040.87
2026-08-28,GS,1033.99
2026-08-31,GS,1025.90
2026-09-01,GS,1002.56
2026-09-02,GS,1004.42
2026-09-03,GS,1037.93
2026-09-04,GS,1038.61
2026-09-08,GS,1036.53
2026-09-09,GS,1028.78
2026-09-10,GS,1019.77
2026-09-11,GS,1029.18
2026-09-14,GS,988.45
2026-09-15,GS,976.67
2026-09-16,GS,937.98
2026-09-17,GS,951.47
2026-09-18,GS,942.00
2026-09-21,GS,959.39
2026-09-22,GS,949.49
2026-09-23,GS,936.36
2026-09-24,GS,923.29
2026-09-25,GS,935.45
2026-09-28,GS,916.28
2026-09-29,GS,916.24
2026-09-30,GS,900.36
2026-08-25,XOM,160.64
2026-08-26,XOM,158.19
2026-08-27,XOM,156.44
2026-08-28,XOM,156.71
2026-08-31,XOM,160.95
2026-09-01,XOM,164.55
2026-09-02,XOM,164.15
2026-09-03,XOM,162.21
2026-09-04,XOM,159.47
2026-09-08,XOM,160.66
2026-09-09,XOM,164.23
2026-09-10,XOM,165.23
2026-09-11,XOM,165.99
2026-09-14,XOM,165.08
2026-09-15,XOM,169.32
2026-09-16,XOM,163.32
2026-09-17,XOM,163.27
2026-09-18,XOM,163.54
2026-09-21,XOM,158.30
2026-09-22,XOM,158.71
2026-09-23,XOM,161.23
2026-09-24,XOM,162.14
2026-09-25,XOM,160.59
2026-09-28,XOM,162.52
2026-09-29,XOM,161.35
2026-09-30,XOM,162.75
2026-08-25,JNJ,273.14
2026-08-26,JNJ,270.00
2026-08-27,JNJ,265.77
2026-08-28,JNJ,268.04
2026-08-31,JNJ,265.85
2026-09-01,JNJ,271.19
2026-09-02,JNJ,275.21
2026-09-03,JNJ,278.43
2026-09-04,JNJ,275.23
2026-09-08,JNJ,269.12
2026-09-09,JNJ,267.08
2026-09-10,JNJ,266.35
2026-09-11,JNJ,265.58
2026-09-14,JNJ,266.32
2026-09-15,JNJ,267.20
2026-09-16,JNJ,267.28
2026-09-17,JNJ,270.22
2026-09-18,JNJ,269.99
2026-09-21,JNJ,269.47
2026-09-22,JNJ,269.19
2026-09-23,JNJ,269.17
2026-09-24,JNJ,270.68
2026-09-25,JNJ,271.22
2026-09-28,JNJ,271.95
2026-09-29,JNJ,267.57
2026-09-30,JNJ,264.74
2026-08-25,PFE,28.57
2026-08-26,PFE,28.30
2026-08-27,PFE,28.02
2026-08-28,PFE,27.96
2026-08-31,PFE,28.46
2026-09-01,PFE,28.55
2026-09-02,PFE,29.02
2026-09-03,PFE,28.81
2026-09-04,PFE,28.45
2026-09-08,PFE,27.79
2026-09-09,PFE,27.78
2026-09-10,PFE,27.65
2026-09-11,PFE,27.72
2026-09-14,PFE,27.72
2026-09-15,PFE,27.55
2026-09-16,PFE,27.46
2026-09-17,PFE,27.64
2026-09-18,PFE,27.66
2026-09-21,PFE,27.74
2026-09-22,PFE,27.93
2026-09-23,PFE,28.18
2026-09-24,PFE,28.41
2026-09-25,PFE,28.67
2026-09-28,PFE,28.72
2026-09-29,PFE,28.72
2026-09-30,PFE,28.52
2026-08-25,WMT,105.38
2026-08-26,WMT,104.34
2026-08-27,WMT,102.63
2026-08-28,WMT,103.09
2026-08-31,WMT,104.87
2026-09-01,WMT,105.92
2026-09-02,WMT,106.09
2026-09-03,WMT,108.42
2026-09-04,WMT,107.14
2026-09-08,WMT,106.05
2026-09-09,WMT,105.83
2026-09-10,WMT,105.73
2026-09-11,WMT,107.15
2026-09-14,WMT,109.08
2026-09-15,WMT,108.09
2026-09-16,WMT,107.50
2026-09-17,WMT,106.79
2026-09-18,WMT,106.73
2026-09-21,WMT,107.44
2026-09-22,WMT,110.12
2026-09-23,WMT,110.53
2026-09-24,WMT,107.59
2026-09-25,WMT,107.98
2026-09-28,WMT,108.73
2026-09-29,WMT,106.80
2026-09-30,WMT,103.92
2026-08-25,KO,91.64
2026-08-26,KO,90.08
2026-08-27,KO,89.06
2026-08-28,KO,89.66
2026-08-31,KO,88.67
2026-09-01,KO,88.00
2026-09-02,KO,88.24
2026-09-03,KO,88.81
2026-09-04,KO,88.07
2026-09-08,KO,88.36
2026-09-09,KO,87.55
2026-09-10,KO,87.83
2026-09-11,KO,88.29
2026-09-14,KO,89.35
2026-09-15,KO,88.71
2026-09-16,KO,87.87
2026-09-17,KO,88.06
2026-09-18,KO,88.25
2026-09-21,KO,87.12
2026-09-22,KO,88.61
2026-09-23,KO,88.09
2026-09-24,KO,88.10
2026-09-25,KO,87.81
2026-09-28,KO,87.18
2026-09-29,KO,86.84
2026-09-30,KO,86.08
